Fecha,Vistas
2019-06-07,438
2019-06-08,370
2019-06-09,509
2019-06-10,538
2019-06-11,495
2019-06-12,484
2019-06-13,467
2019-06-14,404
2019-06-15,409
2019-06-16,375
2019-06-17,414
2019-06-18,431
2019-06-19,409
2019-06-20,396
2019-06-21,364
2019-06-22,316
2019-06-23,376
2019-06-24,419
2019-06-25,371
2019-06-26,436
2019-06-27,426
2019-06-28,430
2019-06-29,317
2019-06-30,350
2019-07-01,391
2019-07-02,408
2019-07-03,405
2019-07-04,420
2019-07-05,365
2019-07-06,352
2019-07-07,370
2019-07-08,404
2019-07-09,408
2019-07-10,453
2019-07-11,402
2019-07-12,458
2019-07-13,347
2019-07-14,303
2019-07-15,407
2019-07-16,422
2019-07-17,437
2019-07-18,362
2019-07-19,428
2019-07-20,336
2019-07-21,354
2019-07-22,390
2019-07-23,456
2019-07-24,442
2019-07-25,418
2019-07-26,471
2019-07-27,343
2019-07-28,453
2019-07-29,542
2019-07-30,439
2019-07-31,382
2019-08-01,392
2019-08-02,377
2019-08-03,266
2019-08-04,390
2019-08-05,456
2019-08-06,396
2019-08-07,474
2019-08-08,469
2019-08-09,501
2019-08-10,438
2019-08-11,446
2019-08-12,565
2019-08-13,542
2019-08-14,487
2019-08-15,504
2019-08-16,496
2019-08-17,430
2019-08-18,456
2019-08-19,542
2019-08-20,596
2019-08-21,620
2019-08-22,499
2019-08-23,455
2019-08-24,431
2019-08-25,380
2019-08-26,526
2019-08-27,496
2019-08-28,430
2019-08-29,398
2019-08-30,346
2019-08-31,371
2019-09-01,363
2019-09-02,395
2019-09-03,469
2019-09-04,414
2019-09-05,389
2019-09-06,365
2019-09-07,440
2019-09-08,423
2019-09-09,402
2019-09-10,411
2019-09-11,507
2019-09-12,401
2019-09-13,396
2019-09-14,380
2019-09-15,351
2019-09-16,469
2019-09-17,602
2019-09-18,429
2019-09-19,415
2019-09-20,413
2019-09-21,347
2019-09-22,415
2019-09-23,504
2019-09-24,512
2019-09-25,583
2019-09-26,649
2019-09-27,469
2019-09-28,420
2019-09-29,490
2019-09-30,588
2019-10-01,591
2019-10-02,618
2019-10-03,580
2019-10-04,444
2019-10-05,421
2019-10-06,403
2019-10-07,554
2019-10-08,603
2019-10-09,582
2019-10-10,507
2019-10-11,528
2019-10-12,415
2019-10-13,397
2019-10-14,562
2019-10-15,569
2019-10-16,658
2019-10-17,561
2019-10-18,534
2019-10-19,497
2019-10-20,496
2019-10-21,536
2019-10-22,549
2019-10-23,531
2019-10-24,522
2019-10-25,488
2019-10-26,424
2019-10-27,504
2019-10-28,494
2019-10-29,569
2019-10-30,534
2019-10-31,503
2019-11-01,485
2019-11-02,460
2019-11-03,502
2019-11-04,560
2019-11-05,762
2019-11-06,867
2019-11-07,792
2019-11-08,700
2019-11-09,583
2019-11-10,690
2019-11-11,793
2019-11-12,726
2019-11-13,758
2019-11-14,756
2019-11-15,757
2019-11-16,579
2019-11-17,650
2019-11-18,667
2019-11-19,699
2019-11-20,715
2019-11-21,842
2019-11-22,659
2019-11-23,698
2019-11-24,701
2019-11-25,661
2019-11-26,737
2019-11-27,735
2019-11-28,634
2019-11-29,530
2019-11-30,559
2019-12-01,715
2019-12-02,807
2019-12-03,781
2019-12-04,665
2019-12-05,538
2019-12-06,624
2019-12-07,571
2019-12-08,601
2019-12-09,619
2019-12-10,659
2019-12-11,614
2019-12-12,525
2019-12-13,403
2019-12-14,359
2019-12-15,434
2019-12-16,446
2019-12-17,443
2019-12-18,434
2019-12-19,432
2019-12-20,396
2019-12-21,363
2019-12-22,422
2019-12-23,399
2019-12-24,306
2019-12-25,304
2019-12-26,448
2019-12-27,431
2019-12-28,380
2019-12-29,449
2019-12-30,394
2019-12-31,309
2020-01-01,315
2020-01-02,530
2020-01-03,383
2020-01-04,378
2020-01-05,423
2020-01-06,464
2020-01-07,404
2020-01-08,494
2020-01-09,401
2020-01-10,524
2020-01-11,487
2020-01-12,474
2020-01-13,552
2020-01-14,498
2020-01-15,503
2020-01-16,474
2020-01-17,529
2020-01-18,492
2020-01-19,428
2020-01-20,471
2020-01-21,469
2020-01-22,395
2020-01-23,424
2020-01-24,403
2020-01-25,595
2020-01-26,439
2020-01-27,475
2020-01-28,412
2020-01-29,535
2020-01-30,465
2020-01-31,407
2020-02-01,352
2020-02-02,426
2020-02-03,423
2020-02-04,427
2020-02-05,474
2020-02-06,464
2020-02-07,380
2020-02-08,423
2020-02-09,374
2020-02-10,683
2020-02-11,872
2020-02-12,693
2020-02-13,721
2020-02-14,595
2020-02-15,634
2020-02-16,651
2020-02-17,648
2020-02-18,484
2020-02-19,467
2020-02-20,369
2020-02-21,351
2020-02-22,325
2020-02-23,432
2020-02-24,382
2020-02-25,417
2020-02-26,455
2020-02-27,386
2020-02-28,393
2020-02-29,373
2020-03-01,469
2020-03-02,417
2020-03-03,453
2020-03-04,433
2020-03-05,484
2020-03-06,411
2020-03-07,395
2020-03-08,354
2020-03-09,435
2020-03-10,441
2020-03-11,396
2020-03-12,385
2020-03-13,453
2020-03-14,351
2020-03-15,620
2020-03-16,451
2020-03-17,433
2020-03-18,536
2020-03-19,510
2020-03-20,483
2020-03-21,462
2020-03-22,425
2020-03-23,460
2020-03-24,524
2020-03-25,713
2020-03-26,612
2020-03-27,514
2020-03-28,473
2020-03-29,491
2020-03-30,588
2020-03-31,529
2020-04-01,495
2020-04-02,546
2020-04-03,499
2020-04-04,525
2020-04-05,529
2020-04-06,546
2020-04-07,537
2020-04-08,493
2020-04-09,502
2020-04-10,462
2020-04-11,571
2020-04-12,625
2020-04-13,734
2020-04-14,626
2020-04-15,632
2020-04-16,660
2020-04-17,606
2020-04-18,702
2020-04-19,799
2020-04-20,762
2020-04-21,704
2020-04-22,683
2020-04-23,724
2020-04-24,771
2020-04-25,2809
2020-04-26,981
2020-04-27,992
2020-04-28,949
2020-04-29,808
2020-04-30,685
2020-05-01,791
2020-05-02,739
2020-05-03,683
2020-05-04,714
2020-05-05,903
2020-05-06,887
2020-05-07,1017
2020-05-08,984
2020-05-09,980
2020-05-10,886
2020-05-11,1148
2020-05-12,1093
2020-05-13,956
2020-05-14,952
2020-05-15,837
2020-05-16,1725
2020-05-17,1185
2020-05-18,1038
2020-05-19,1109
2020-05-20,1171
2020-05-21,998
2020-05-22,1023
2020-05-23,1135
2020-05-24,935
2020-05-25,959
2020-05-26,982
2020-05-27,1020
2020-05-28,1024
2020-05-29,944
2020-05-30,981
2020-05-31,1076
2020-06-01,1439
2020-06-02,1214
2020-06-03,1185
2020-06-04,1128
2020-06-05,1048
